Ticker,Fitur,Fold,Dense_Units,Hidden_Units,Dropout,LR,Batch_Size,Optimizer,Best_Epoch,Val_Loss,Val_MAE,Val_MAPE,Val_RMSE,Val_R2
ADMR,Open_LAG,1,224,160,0.25888999320577066,0.004365664660858491,32,RMSprop,1,0.3888608515262604,0.32297822255697484,3.502888259485067,0.38886085115846414,-0.38512260802287623
ADMR,Open_LAG,2,192,32,0.30681902073117967,0.00437557236953708,16,RMSprop,15,0.504688024520874,0.435495113085838,0.45956115977834394,0.5046880389655207,-0.7385654354862197
ADMR,Open_LAG,3,128,192,0.14482870970301223,0.0014221575768575076,32,SGD,87,0.171391099691391,0.1473525087721467,2.5226214695226763,0.1713911069726581,-0.19352073545101778
ADMR,Open_LAG,4,160,96,0.1601902659523615,0.0003285180860084193,16,Adam,22,0.07064744830131531,0.05273457335347614,0.1557883979833137,0.07064745393643107,0.19666318700714602
ADMR,Open_LAG,5,128,192,0.13155295681672086,0.0022354784600102876,16,RMSprop,7,0.19934120774269104,0.16258096909961162,0.16726699992725916,0.19934120373528125,0.535852737382507
ADMR,High_LAG,1,128,64,0.25469387125926823,0.00022503236377289585,32,Adam,61,0.5923483967781067,0.507037017650056,1.3195618440723964,0.5923483733247454,-2.214061431467864
ADMR,High_LAG,2,128,256,0.2848069038011603,0.0028482726425766297,64,Adam,4,0.5507269501686096,0.4709200571326927,0.47499077220390357,0.5507269303769292,-1.0702254565984228
ADMR,High_LAG,3,128,128,0.12423669946142755,0.0009802802484828697,64,AdamW,2,0.1772695630788803,0.14747374618562176,1.9122928799607926,0.1772695582424327,-0.27679662448292564
ADMR,High_LAG,4,256,128,0.3526498224004675,0.000398676287805591,64,Adam,57,0.06903653591871262,0.0514032881060345,0.15223342136012405,0.06903653332399591,0.23288126512433238
ADMR,High_LAG,5,160,128,0.2448421088180462,0.004729353667233168,64,Adam,65,0.25057804584503174,0.19173435899187224,0.19711546818731915,0.2505780304020434,0.26658865599102566
ADMR,Low_LAG,1,192,96,0.2219646695555135,0.004198504545694195,64,AdamW,47,0.5972488522529602,0.5130748180585284,1.0531720577187869,0.5972488624598403,-2.267461172396184
ADMR,Low_LAG,2,160,160,0.26453034303502093,0.0008508260930974035,32,RMSprop,2,0.5087751746177673,0.4348334281297119,0.45937957501664206,0.5087751369500018,-0.766838184627475
ADMR,Low_LAG,3,128,32,0.34205352814494705,0.004675603282832127,64,RMSprop,1,0.1641501933336258,0.1411809269232879,2.5861320723885415,0.16415018850996377,-0.09480348853283482
ADMR,Low_LAG,4,192,64,0.42415240155533096,0.0006968377081490968,16,Adam,22,0.0705622062087059,0.05277540511865832,0.15556373320750425,0.07056221111031685,0.19860062093966102
ADMR,Low_LAG,5,128,96,0.11083904170604864,0.0013883661867963545,16,RMSprop,59,0.2501716911792755,0.18716168633057703,0.19484413615666632,0.25017166915463984,0.26896546684894795
ADMR,Volume_LAG,1,224,32,0.13343719607293034,0.0017850416423256207,16,RMSprop,10,0.5179848074913025,0.4342854652169703,1.494105519806049,0.5179847838889916,-1.4577277752941895
ADMR,Volume_LAG,2,256,96,0.3281878072836455,0.00186461105969771,32,Adam,5,0.46745437383651733,0.408078357257857,0.4053764160654514,0.46745437922005556,-0.49150077127865655
ADMR,Volume_LAG,3,192,192,0.3617478853696492,0.00011956994364361188,64,RMSprop,2,0.17223075032234192,0.14380486642894713,1.9709902561961004,0.17223075088828071,-0.20524348071522924
ADMR,Volume_LAG,4,224,96,0.26387662157517244,0.0013863362869995545,16,Adam,11,0.06827272474765778,0.05141844531211572,0.1503809530830756,0.06827272790444817,0.24976183893417325
ADMR,Volume_LAG,5,224,192,0.2578686951390636,0.0018564787968044373,16,RMSprop,4,0.1857714056968689,0.15451540099474007,0.1547124157582855,0.18577141164682381,0.5968938694590618
ADMR,Close_LAG,1,96,192,0.10977349634550793,0.0046596737258949444,32,RMSprop,1,0.48632004857063293,0.3894426119737112,2.9133270463455805,0.4863200751704337,-1.1664275407780371
ADMR,Close_LAG,2,256,224,0.10974974067939156,0.0023886601785760883,16,AdamW,58,0.45620471239089966,0.3923324262251426,0.3826890126931995,0.45620472682155794,-0.42057634417094714
ADMR,Close_LAG,3,224,160,0.16749041610498683,0.0008688983469417844,16,SGD,75,0.17364947497844696,0.15050365873362712,2.5988338788943732,0.17364946938201167,-0.22518119453109642
ADMR,Close_LAG,4,96,192,0.3709467770400551,0.0008499675832450548,64,AdamW,75,0.07125212252140045,0.05355603770596954,0.16015442597899973,0.0712521214097233,0.18285291150994853
ADMR,Close_LAG,5,160,160,0.35872965252633915,0.0013892608445811184,64,RMSprop,75,0.21272973716259003,0.16827554422784413,0.17093141105258794,0.21272973333274328,0.4714111085949325
ADMR,Open_High_LAG,1,96,32,0.47503098081345285,0.0033104790191358213,64,AdamW,79,0.55109041929245,0.45582841665139306,1.4052116901157496,0.5510903900369423,-1.7819252006239
ADMR,Open_High_LAG,2,192,96,0.19868595744631226,0.0017028702342487744,16,RMSprop,9,0.5162361860275269,0.4392675525084776,0.476477775458951,0.5162362012672174,-0.8190386614481571
ADMR,Open_High_LAG,3,192,96,0.33837791655964233,0.002770127028909653,32,SGD,39,0.17233870923519135,0.14855081657111815,2.391027329059018,0.17233870385292568,-0.20675482967076775
ADMR,Open_High_LAG,4,64,96,0.4757922200282426,0.0007824301714733278,32,RMSprop,94,0.06920002400875092,0.05332041084303279,0.15579907964317746,0.06920002923402097,0.22924350165004037
ADMR,Open_High_LAG,5,192,224,0.29064693319531454,0.002065899749538747,16,RMSprop,2,0.22238212823867798,0.18775840859629314,0.19771666685569056,0.2223821353450188,0.4223544490702794
ADMR,Open_Low_LAG,1,224,128,0.46056033618473513,0.0014833176124268777,16,RMSprop,12,0.5416674017906189,0.4580989687178502,1.3466503789865905,0.541667401034264,-1.6876033379049393
ADMR,Open_Low_LAG,2,192,224,0.20532438585914786,0.00012051080101418275,64,RMSprop,38,0.5340214967727661,0.4644921521724379,0.4389020521341292,0.5340214974409926,-0.9465362563493358
ADMR,Open_Low_LAG,3,128,128,0.34288146508354733,0.0001440641772130472,64,RMSprop,2,0.17789199948310852,0.14861654091174167,2.440729233836911,0.1778920003230917,-0.2857787330460462
ADMR,Open_Low_LAG,4,192,192,0.23704264583277818,0.0020215863239793934,32,AdamW,11,0.06968748569488525,0.05222144005526241,0.15426591652057534,0.06968748449582313,0.2183466106834967
ADMR,Open_Low_LAG,5,192,160,0.37783423688154644,0.000273994504681009,16,RMSprop,4,0.22571887075901031,0.18326619452635406,0.1763863230392712,0.22571886821419476,0.404889834860069
ADMR,Open_Volume_LAG,1,192,64,0.40086150618940297,0.0006920634182811879,64,RMSprop,35,0.5358330607414246,0.4457810569352111,1.6070961860090691,0.5358330752363558,-1.630018530195052
ADMR,Open_Volume_LAG,2,256,32,0.34360285938727225,0.0014569237349543222,16,RMSprop,79,0.49050426483154297,0.42565519076549363,0.44798253986312436,0.4905042508707101,-0.6422170916400045
ADMR,Open_Volume_LAG,3,96,64,0.3555362083913371,0.0002704838263118112,64,RMSprop,2,0.19290107488632202,0.15962389540679744,2.635235134441351,0.19290107431343387,-0.5118987001932143
ADMR,Open_Volume_LAG,4,160,64,0.13619172500407611,0.0004207990749900097,32,AdamW,28,0.06488397717475891,0.04842566160997132,0.14597305997260923,0.0648839773915991,0.32239037264226544
ADMR,Open_Volume_LAG,5,160,32,0.3871310231960651,0.0037579812451795443,32,RMSprop,1,0.24873086810112,0.20726607342256484,0.21596074824732855,0.24873087815742623,0.27736158126288557
ADMR,High_Low_LAG,1,224,32,0.2455895048449036,0.0021235064540347653,64,RMSprop,19,0.52294921875,0.4360690864663243,1.4352632125687295,0.5229491953381885,-1.5050636849079955
ADMR,High_Low_LAG,2,224,224,0.46495698655789475,0.003528930635050708,16,RMSprop,73,0.5270310044288635,0.459691347129812,0.46279552436388194,0.5270310052183739,-0.8959083873381544
ADMR,High_Low_LAG,3,224,192,0.13260509478669522,0.0034228514813238803,32,RMSprop,24,0.1512201577425003,0.12348419846976924,1.5516351064546807,0.15122014370869308,0.07087810625094215
ADMR,High_Low_LAG,4,96,64,0.1367020247410268,0.00026501485154829395,64,RMSprop,94,0.06990809738636017,0.052317445781289634,0.15324550252277735,0.0699080981429574,0.21338972744323248
ADMR,High_Low_LAG,5,192,256,0.2108053026135881,0.00023119363748674016,16,RMSprop,1,0.23341508209705353,0.195964775284151,0.1913255325744478,0.2334150769660906,0.3636157091822533
ADMR,High_Volume_LAG,1,256,160,0.3203263521766659,0.0009399943665010221,32,RMSprop,7,0.465883731842041,0.3777595279812565,1.9410991013881933,0.4658837443886622,-0.988176277759496
ADMR,High_Volume_LAG,2,256,128,0.1409738474823395,0.00045508125535659316,16,RMSprop,2,0.4605807662010193,0.39874897437460693,0.3771688685460696,0.4605807706822033,-0.44796018852952213
ADMR,High_Volume_LAG,3,256,32,0.4260582961950289,0.00042740986080244957,16,Adam,2,0.17576666176319122,0.15219971461137757,2.493776681512411,0.17576666123838053,-0.2552389513103719
ADMR,High_Volume_LAG,4,128,128,0.13667186588209812,0.00026667193842637,16,RMSprop,12,0.06742798537015915,0.05052866239794867,0.14592461267731435,0.06742798921178282,0.26821238265972525
ADMR,High_Volume_LAG,5,256,64,0.14475054081382743,0.002691953010289986,32,RMSprop,2,0.2561175525188446,0.21180450426610867,0.19891166262240495,0.2561175655912185,0.23380313452492174
ADMR,Low_Volume_LAG,1,192,128,0.1012164213845431,0.002674020656170573,32,RMSprop,20,0.496737003326416,0.4053216907011919,1.9015906914626197,0.49673701360955913,-1.2602309472020177
ADMR,Low_Volume_LAG,2,256,192,0.1501028856380942,0.0044763268309995115,32,AdamW,57,0.521722674369812,0.4276505212530996,0.44938511840876716,0.5217226632893582,-0.8579089295810467
ADMR,Low_Volume_LAG,3,192,96,0.30036476915030336,0.0014980628451750882,32,SGD,68,0.16957873106002808,0.14728917135016434,2.5812714899564435,0.16957874314934498,-0.1684125825745486
ADMR,Low_Volume_LAG,4,224,192,0.3089299519977168,0.0002387404193047102,16,RMSprop,17,0.06751155108213425,0.050322416878344066,0.14363294952760713,0.06751155773625175,0.26639734090251366
ADMR,Low_Volume_LAG,5,32,192,0.1939061997754981,0.000848568401754907,16,RMSprop,16,0.2843293249607086,0.2355523604332857,0.2463834979137058,0.28432933273087824,0.055710909523694285
ADMR,Open_High_Low_LAG,1,128,64,0.16081577073489448,0.0027533468861858966,64,RMSprop,12,0.3663460314273834,0.2873417784961557,3.0012606293875215,0.3663460327260247,-0.2293704179798477
ADMR,Open_High_Low_LAG,2,32,256,0.3674144873186945,0.00420430166040934,16,Adam,45,0.5187634229660034,0.44779892123230713,0.4684951455094794,0.5187634085157874,-0.8368922721797292
ADMR,Open_High_Low_LAG,3,256,192,0.24154636128583157,0.0006135792493676758,64,RMSprop,1,0.16328881680965424,0.1402725582289428,2.181533685918215,0.16328881248476704,-0.08334370042925521
ADMR,Open_High_Low_LAG,4,224,32,0.18817091661196583,0.00047167718092760215,32,RMSprop,37,0.0682273879647255,0.05074284642038982,0.15046952440873868,0.0682273909060787,0.25075791024575
ADMR,Open_High_Low_LAG,5,160,96,0.11424193894324741,0.0007848599653907499,64,RMSprop,42,0.23733864724636078,0.18124572856069654,0.18921343523726575,0.2373386472399176,0.3420414028690868
ADMR,Open_High_Volume_LAG,1,96,64,0.11722762998007044,0.0034618571067216003,32,RMSprop,3,0.4832474887371063,0.3890043807534658,2.177119948296018,0.4832474698159575,-1.1391387290097996
ADMR,Open_High_Volume_LAG,2,192,64,0.22253036900010326,0.001492809211800201,16,Adam,61,0.48448851704597473,0.421044485559512,0.3858563373732379,0.48448848204929024,-0.6021823035488063
ADMR,Open_High_Volume_LAG,3,224,96,0.41691449195043145,0.0006176956709507476,32,Adam,2,0.17054881155490875,0.14376018682588,2.5468856966267612,0.17054881199209768,-0.18181853809792958
ADMR,Open_High_Volume_LAG,4,192,64,0.3541596836693197,0.0015037404703262258,32,Adam,18,0.06430395692586899,0.04828613250050126,0.14384242317064155,0.06430396190232324,0.334450897314291
ADMR,Open_High_Volume_LAG,5,64,160,0.1594884622311496,0.002365838099505603,32,Adam,1,0.3238515853881836,0.2629260444323885,0.23922056141426495,0.3238515635928387,-0.22504949894777226
ADMR,High_Low_Volume_LAG,1,160,32,0.20023566333255832,0.0012178362187426936,16,RMSprop,2,0.5563574433326721,0.4676614222316777,1.364210250785136,0.5563574426829545,-1.835355881668801
ADMR,High_Low_Volume_LAG,2,224,64,0.35753939069853946,0.0035166458684339715,32,RMSprop,42,0.4092664122581482,0.342831606893263,0.371627554855749,0.4092664134940773,-0.14329216744985707
ADMR,High_Low_Volume_LAG,3,224,192,0.1740467113282796,0.0002849321097485714,64,AdamW,5,0.1716378927230835,0.14439858157326263,2.2559037148068137,0.17163789691560724,-0.19696036523401816
ADMR,High_Low_Volume_LAG,4,256,32,0.4732671916049627,0.002988958712209757,64,Adam,57,0.06583529710769653,0.04913529032142739,0.14158614785199444,0.06583529620541483,0.3023746925715608
ADMR,High_Low_Volume_LAG,5,192,160,0.42265055062102863,0.0006315559676443195,16,RMSprop,2,0.22379758954048157,0.18836674112840124,0.19024634682491479,0.22379757969721178,0.4149777127117896
ADMR,OHLVC_LAG,1,224,224,0.2610895135444484,0.00034280782743120335,16,AdamW,96,0.5511451363563538,0.45859692064191004,1.3140114391975615,0.55114511423021,-1.7824777276643333
ADMR,OHLVC_LAG,2,64,192,0.13662523023313852,0.003778662997856519,16,RMSprop,16,0.5063119530677795,0.4324792614719161,0.46210991873994733,0.5063119156614794,-0.749771398954381
ADMR,OHLVC_LAG,3,128,224,0.40618340626450633,0.002188354313424718,32,SGD,45,0.1642005890607834,0.14134589846342288,2.384705147964882,0.16420059468193524,-0.09547596203191255
ADMR,OHLVC_LAG,4,224,32,0.4183610683418245,0.0005760455556771029,64,Adam,98,0.06539376825094223,0.049171892421062326,0.1482812710131554,0.06539376569305559,0.3117006920034239
ADMR,OHLVC_LAG,5,32,192,0.35750987203750145,0.0014154028257032053,32,RMSprop,11,0.2297331690788269,0.18978407037979161,0.17250593837491163,0.22973316746552436,0.38353412398431264
ADMR,OHLVC_LAG_MA,1,256,96,0.4187546519251424,0.004947774068686166,32,AdamW,12,0.5726318955421448,0.47891911228359374,1.3367014808588988,0.5726318914808204,-2.0036604484769844
ADMR,OHLVC_LAG_MA,2,128,192,0.18282696625074807,0.004669847904311889,16,Adam,9,0.4871317744255066,0.42216359333536174,0.4196529385507948,0.48713177120583173,-0.6197124784954722
ADMR,OHLVC_LAG_MA,3,128,96,0.3568629506735068,0.002467478589514042,16,SGD,20,0.1664210855960846,0.14139839883395655,2.4298614433155983,0.16642109271948272,-0.125304717422547
ADMR,OHLVC_LAG_MA,4,32,64,0.3696611299925041,0.0003644719272220901,32,RMSprop,71,0.06416648626327515,0.04642461306752484,0.1290379667451447,0.06416648482913828,0.3372936439295948
ADMR,OHLVC_LAG_MA,5,128,160,0.29944883729294963,0.003872568443427362,16,RMSprop,1,0.2242075651884079,0.18392002399783206,0.17480957450280485,0.22420755988504038,0.4128323165121838
ADMR,OHLVC_LAG_EMA,1,160,256,0.47500571741565323,0.0002024209529273827,16,AdamW,71,0.5811439156532288,0.49080711270280436,1.2576340208399517,0.581143895421405,-2.0936211864975047
ADMR,OHLVC_LAG_EMA,2,256,32,0.18066856925407654,0.00476386592891715,16,AdamW,27,0.4864909052848816,0.4127933293835225,0.4444706222186222,0.486490906184432,-0.6154535311971117
ADMR,OHLVC_LAG_EMA,3,64,256,0.32848210058332217,0.0013846010992966064,64,AdamW,45,0.17351724207401276,0.14379072108557747,2.23655094211199,0.1735172342373587,-0.2233159388929813
ADMR,OHLVC_LAG_EMA,4,96,32,0.48592370641764404,0.0007524406176583718,32,RMSprop,44,0.06451919674873352,0.047656730470591636,0.13948044586610953,0.0645191984664812,0.32998802317434184
ADMR,OHLVC_LAG_EMA,5,64,192,0.10237835110761948,0.0016159313097091764,16,RMSprop,1,0.2710157036781311,0.21256068442195966,0.19709860271463253,0.2710156963017865,0.14207261741487587
ADMR,OHLVC_LAG_RSI,1,128,96,0.3155951972577314,0.0015446016766336244,16,RMSprop,30,0.5821466445922852,0.48728948720098514,1.3424810306368993,0.5821466494360423,-2.104306379734836
ADMR,OHLVC_LAG_RSI,2,192,128,0.3651673902810991,0.0045297770408481985,16,AdamW,76,0.5036536455154419,0.43233256761593086,0.44710079364325744,0.503653630526837,-0.7314460126645506
ADMR,OHLVC_LAG_RSI,3,224,96,0.167757140402575,0.00016217876177707316,32,Adam,6,0.1728176325559616,0.1459971001425436,2.2204782813805073,0.1728176371025831,-0.21347134864598827
ADMR,OHLVC_LAG_RSI,4,256,192,0.10624635024931264,0.0005348464729551011,16,Adam,8,0.06986503303050995,0.05249624764394846,0.1536868870462096,0.06986503433992323,0.21435854213900485
ADMR,OHLVC_LAG_RSI,5,224,32,0.24282262074960934,0.004819024205778555,64,Adam,1,0.22678813338279724,0.17446756145286374,0.1630269727328401,0.22678813546520796,0.3992382114988213
ADMR,OHLVC_LAG_MACD,1,160,160,0.3056028467767878,0.0025310961397107925,32,RMSprop,1,0.5348221063613892,0.439024044015429,1.2499538763399376,0.5348220858214651,-1.6201034553611873
ADMR,OHLVC_LAG_MACD,2,160,32,0.4434890411433831,0.0020580424914711216,32,RMSprop,37,0.5026229619979858,0.43284482285754616,0.45365175180033734,0.5026229776807416,-0.724366965579168
ADMR,OHLVC_LAG_MACD,3,224,128,0.20322940652177862,0.0005546303005608764,16,Adam,1,0.16792336106300354,0.14204216974834433,2.2876627188090715,0.1679233576969122,-0.14571241747815944
ADMR,OHLVC_LAG_MACD,4,128,192,0.25118896616100805,0.004656099332419734,64,AdamW,16,0.07001801580190659,0.05320683056755878,0.15550845245082373,0.07001801521577235,0.21091419532954758
ADMR,OHLVC_LAG_MACD,5,224,160,0.19931955655041092,0.004890005850340534,16,RMSprop,3,0.20871984958648682,0.17379925006822503,0.17177668713619645,0.20871984438205107,0.4911507659164578
ADMR,OHLVC_LAG_MA_EMA,1,160,32,0.4924419510046043,0.0037800917908668435,64,Adam,42,0.5621886849403381,0.4739044662578059,1.2957683872470593,0.5621886620095545,-1.895102460129955
ADMR,OHLVC_LAG_MA_EMA,2,96,192,0.10208270175653332,0.0016014134793904658,16,RMSprop,85,0.5520850419998169,0.47901375376977573,0.4529207059950332,0.5520850259833063,-1.0804484204947724
ADMR,OHLVC_LAG_MA_EMA,3,224,224,0.20364607520618938,0.0027265707433636677,16,RMSprop,11,0.16075149178504944,0.13545515592636598,2.2673007579678237,0.16075148270169573,-0.04993732655292682
ADMR,OHLVC_LAG_MA_EMA,4,128,160,0.3125582796274159,0.0004410594894981986,16,AdamW,13,0.06605742871761322,0.0498999637221677,0.15018618511015566,0.06605743559469901,0.2976589392828739
ADMR,OHLVC_LAG_MA_EMA,5,160,160,0.21350140712717763,0.0024793476167915326,16,RMSprop,10,0.1802598088979721,0.14847694002186454,0.1512448057774844,0.1802598237808518,0.6204582769158296
ADMR,OHLVC_LAG_MA_RSI,1,64,192,0.10778906489062907,0.0023160521254697447,32,RMSprop,6,0.5615081191062927,0.4697710951984317,1.4529211651889566,0.5615081255748128,-1.888097586677946
ADMR,OHLVC_LAG_MA_RSI,2,224,256,0.2441265456563102,0.0025478728463618166,16,RMSprop,57,0.512833297252655,0.44593313862055395,0.4451206023978684,0.5128333132276784,-0.7951364882009342
ADMR,OHLVC_LAG_MA_RSI,3,256,160,0.44224418990065595,0.00045012543738992425,64,RMSprop,1,0.16054797172546387,0.13834332873666974,2.3805205502121036,0.16054796434938443,-0.04728047703457228
ADMR,OHLVC_LAG_MA_RSI,4,256,32,0.4646799014573947,0.00033365500256670046,16,Adam,89,0.06597452610731125,0.04909181246335035,0.14462173385690405,0.06597452598992722,0.2994208689151667
ADMR,OHLVC_LAG_MA_RSI,5,192,256,0.36924894004443043,0.00423973984710851,16,RMSprop,49,0.22077323496341705,0.1791998081639736,0.18543210828809192,0.22077322416352846,0.4306826216556694
ADMR,OHLVC_LAG_MA_MACD,1,192,64,0.31984979896174137,0.0010955381111034338,32,RMSprop,2,0.5632234215736389,0.47110347573694994,1.3771582492320222,0.5632234147634572,-1.905769598660656
ADMR,OHLVC_LAG_MA_MACD,2,128,96,0.2748951519121773,0.002449549291187482,64,AdamW,7,0.5388609766960144,0.46523605804590046,0.42733065939283954,0.5388610131086504,-0.9819766945313937
ADMR,OHLVC_LAG_MA_MACD,3,160,128,0.28426955943255094,0.0005049614198351102,64,Adam,4,0.172101229429245,0.1426213828735732,2.124169001236537,0.17210123028506738,-0.20343143303629962
ADMR,OHLVC_LAG_MA_MACD,4,224,64,0.2904752318785283,0.0017585311644930028,16,AdamW,10,0.0661640465259552,0.04917319522591993,0.1442641598397298,0.06616404411254118,0.2953901270363587
ADMR,OHLVC_LAG_MA_MACD,5,32,224,0.4314958288360705,0.004673238828645853,32,RMSprop,24,0.20809215307235718,0.17010169327029875,0.1607520035962608,0.20809215334175046,0.49420672673385047
ADMR,OHLVC_LAG_EMA_RSI,1,256,160,0.356723858590128,0.00036892337112585217,16,RMSprop,44,0.5485329627990723,0.4561414225948052,1.3995631053243711,0.5485329615139887,-1.756165119196857
ADMR,OHLVC_LAG_EMA_RSI,2,224,192,0.3853558554385339,0.004785231973170055,64,RMSprop,20,0.45451104640960693,0.39536090050369904,0.3931292259735099,0.4545110415432288,-0.41004798758677774
ADMR,OHLVC_LAG_EMA_RSI,3,224,160,0.13978306243143362,0.000207017800255528,64,RMSprop,1,0.16942331194877625,0.14391774925514075,2.4522715064481435,0.1694233089437208,-0.16627165327307392
ADMR,OHLVC_LAG_EMA_RSI,4,256,256,0.16841023477556652,0.00018190801036825657,32,RMSprop,32,0.06607858836650848,0.049057097085982784,0.14609163058438346,0.06607858956803124,0.2972090373798689
ADMR,OHLVC_LAG_EMA_RSI,5,192,160,0.23214138077082966,0.0033857767275675384,64,RMSprop,70,0.270572304725647,0.2199235154977062,0.21686586183218268,0.2705722992248594,0.14487755689841508
ADMR,OHLVC_LAG_EMA_MACD,1,128,192,0.29042760005845036,0.004815302006867351,64,RMSprop,1,0.5720651149749756,0.4644168524492363,1.6442596066442463,0.572065144537994,-1.9977178071695358
ADMR,OHLVC_LAG_EMA_MACD,2,224,256,0.13367400461846343,0.0006739394778062538,16,Adam,91,0.5074813961982727,0.43018315463429385,0.4665361824020633,0.507481384981873,-0.7578639093685
ADMR,OHLVC_LAG_EMA_MACD,3,256,256,0.10962715276454671,0.0010308917096071117,16,SGD,41,0.1683536171913147,0.14439301167571997,2.44067501840314,0.16835361901961324,-0.15159113839501415
ADMR,OHLVC_LAG_EMA_MACD,4,192,32,0.23230170633524644,0.002009842935593168,32,Adam,11,0.06964576244354248,0.051921814676281854,0.15093619707004577,0.06964576600145136,0.21928220598960335
ADMR,OHLVC_LAG_EMA_MACD,5,96,224,0.29441966105913153,0.0025751299575996704,16,Adam,10,0.2709563374519348,0.22611088013907774,0.21096463003380628,0.27095633366560434,0.14244841301721722
ADMR,OHLVC_LAG_RSI_MACD,1,96,224,0.3007595919777604,0.004801181517859715,64,RMSprop,7,0.45257553458213806,0.3665723384882532,1.7692066986200472,0.4525755226820029,-0.8762119438410823
ADMR,OHLVC_LAG_RSI_MACD,2,224,64,0.34502560130042514,0.0013221315501961404,16,AdamW,4,0.521327018737793,0.4409079283690684,0.48076317489526654,0.5213269943561062,-0.8550919613197656
ADMR,OHLVC_LAG_RSI_MACD,3,128,192,0.11031391368793148,0.0017022727551518075,32,Adam,83,0.1627434641122818,0.12869284730752192,2.0131243222177937,0.16274345799755993,-0.07611944853866492
ADMR,OHLVC_LAG_RSI_MACD,4,160,160,0.24717803742319422,0.0004677170903064679,16,RMSprop,12,0.06957921385765076,0.05282189681905496,0.1571310987010393,0.06957921383833061,0.2207735710992177
ADMR,OHLVC_LAG_RSI_MACD,5,96,224,0.19470566420850635,0.0019552825335689646,16,RMSprop,14,0.17665886878967285,0.1475013317704777,0.1483592363546946,0.17665887454561247,0.6354706012972178
ADMR,OHLVC_LAG_MA_EMA_RSI,1,256,64,0.27299530334934446,0.001578055084660137,32,Adam,7,0.5815773606300354,0.4909683715488224,1.3445225414623847,0.5815773532880324,-2.0982377867548427
ADMR,OHLVC_LAG_MA_EMA_RSI,2,160,224,0.4384271235200984,0.0018154775581316206,32,AdamW,4,0.5579606294631958,0.48506067449523205,0.46619743853260764,0.5579606170043693,-1.1249666015966047
ADMR,OHLVC_LAG_MA_EMA_RSI,3,224,32,0.3621412302873047,0.0011803379984302973,16,SGD,31,0.16303351521492004,0.14090372462771006,2.500005237788412,0.16303351717444028,-0.07995882234609142
ADMR,OHLVC_LAG_MA_EMA_RSI,4,32,64,0.3656988965981286,0.0012822150792746495,64,RMSprop,49,0.06905309855937958,0.051783580424486664,0.1573221678300167,0.06905309994153108,0.23251305174795434
ADMR,OHLVC_LAG_MA_EMA_RSI,5,64,224,0.38175034970843147,0.0027509327663347767,16,RMSprop,4,0.2664409279823303,0.22158854770349795,0.21296667658708196,0.2664409164826849,0.17079200984148457
ADMR,OHLVC_LAG_MA_RSI_MACD,1,224,160,0.16235928535819882,0.0037672101443905893,64,RMSprop,2,0.5251725316047668,0.437768371776005,3.451404789198749,0.5251725175604609,-1.5264095568534146
ADMR,OHLVC_LAG_MA_RSI_MACD,2,256,160,0.23157978563111906,0.004923731326275232,16,Adam,42,0.525236189365387,0.4204942142269497,0.4548418449998448,0.5252361701372386,-0.883017120753071
ADMR,OHLVC_LAG_MA_RSI_MACD,3,192,192,0.3282780616625113,0.0008267130163032458,64,AdamW,72,0.16746313869953156,0.13207884994788827,1.1355504449192588,0.16746313865358012,-0.13944103109156059
ADMR,OHLVC_LAG_MA_RSI_MACD,4,96,192,0.4774282372240637,0.0002857113685284776,64,RMSprop,84,0.06424228101968765,0.0477200362559142,0.1406531691931024,0.06424228643154589,0.3357269732490733
ADMR,OHLVC_LAG_MA_RSI_MACD,5,160,192,0.4496792378758423,0.0031780249799784614,16,RMSprop,1,0.20694175362586975,0.175862110429428,0.16835236512834978,0.20694174568090484,0.4997836796256012
ADMR,OHLVC_LAG_EMA_RSI_MACD,1,256,256,0.4356289603040133,0.004866662814413565,64,RMSprop,5,0.37661367654800415,0.30148286895872706,3.0920676874550312,0.37661367382504124,-0.2992476532734234
ADMR,OHLVC_LAG_EMA_RSI_MACD,2,192,192,0.3538926331879112,0.0013305237644017506,32,AdamW,5,0.5112075805664062,0.43210660106391163,0.46472460839477103,0.5112075968517533,-0.7837731193437383
ADMR,OHLVC_LAG_EMA_RSI_MACD,3,256,160,0.11189647595084035,0.0015272142366701586,64,AdamW,74,0.15232788026332855,0.12157613060073538,1.4116538093253506,0.15232788856917182,0.057215908515481195
ADMR,OHLVC_LAG_EMA_RSI_MACD,4,256,256,0.3956519828894025,0.0003670575850850862,64,AdamW,37,0.06768973916769028,0.05093528878515956,0.1508058066917441,0.06768973761455631,0.2625199092638527
ADMR,OHLVC_LAG_EMA_RSI_MACD,5,192,64,0.18388854462397325,0.0018318061068546164,64,RMSprop,1,0.29346463084220886,0.24119165126919231,0.22187821254795745,0.2934646201429614,-0.00594246446436042
ADMR,OHLVC_LAG_MA_EMA_RSI_MACD,1,192,128,0.40648334028939226,0.004804954906528779,32,RMSprop,2,0.5145207643508911,0.4256941584439925,1.346922929564633,0.5145207498021263,-1.4249654801915765
ADMR,OHLVC_LAG_MA_EMA_RSI_MACD,2,224,32,0.27883844029238847,0.0017896870247768532,64,AdamW,14,0.5184516310691833,0.4486865587753361,0.4292586768294987,0.5184516176101314,-0.8346848913826257
ADMR,OHLVC_LAG_MA_EMA_RSI_MACD,3,160,96,0.2653304805881065,0.003966048441266487,32,SGD,25,0.1701553612947464,0.14543415539413138,2.329526708298121,0.170155367525611,-0.1763720782807825
ADMR,OHLVC_LAG_MA_EMA_RSI_MACD,4,256,128,0.43141982263314405,0.0001390144525018302,32,RMSprop,48,0.06505721807479858,0.04819248503978188,0.14569390416865763,0.06505722039389417,0.3187670483448408
ADMR,OHLVC_LAG_MA_EMA_RSI_MACD,5,224,64,0.2951591189689352,0.002096388868178744,32,RMSprop,2,0.23002082109451294,0.18816585192225022,0.18398072953352468,0.23002082128545265,0.381989377227709
