Ticker,Fitur,Fold,Best_Epoch,Val_Loss,Val_MAE,Val_MAPE,Val_RMSE,Val_R2
ACES,Open_LAG,1,96,64928.25390625,215.07147216796875,0.17026872655595776,254.75590085976955,-2.37258587209013
ACES,Open_LAG,2,33,11358.3544921875,81.33769226074219,0.06259111794206948,106.15209913299644,0.4997927039527378
ACES,Open_LAG,3,58,5511.20166015625,58.97794723510742,0.046455954720245725,73.85275728453124,0.5695712238538192
ACES,Open_LAG,4,62,3627.79443359375,47.456520080566406,0.08979933026786883,58.18170107544562,0.6741116381188882
ACES,Open_LAG,5,64,3817.1640625,48.3817138671875,0.060559003295038376,59.5297910771343,0.036446267263137086
ACES,High_LAG,1,72,61999.546875,208.97030639648438,0.1652188566918213,248.95048975465988,-2.2214203215720754
ACES,High_LAG,2,36,11321.8076171875,79.0023193359375,0.06122026746304978,105.67892765435954,0.500600868287339
ACES,High_LAG,3,14,5283.40087890625,57.312862396240234,0.04458126887112362,72.54743130212978,0.5892724114692451
ACES,High_LAG,4,74,3510.42919921875,45.83885955810547,0.08533048161561138,57.347546379138365,0.6848890008387613
ACES,High_LAG,5,74,3680.597900390625,47.07102966308594,0.058740260701883144,58.12551802349272,0.06960203905489969
ACES,Low_LAG,1,74,60920.99609375,206.28099060058594,0.16293200700632346,246.77128481183684,-2.1647128401050337
ACES,Low_LAG,2,43,11426.037109375,78.76671600341797,0.06116364345847438,105.87058521422779,0.4953292718455163
ACES,Low_LAG,3,95,5636.5224609375,58.4487190246582,0.04619007053538689,74.4484866965013,0.5591678289704535
ACES,Low_LAG,4,36,3771.81005859375,48.55219268798828,0.09260492889044078,59.54704249686725,0.6616300081188637
ACES,Low_LAG,5,4,3598.81787109375,49.501434326171875,0.06361806547457925,59.731483091861485,0.10555567891679983
ACES,Volume_LAG,1,87,63326.2421875,211.88812255859375,0.16765782984384356,251.60319593735915,-2.29082092213866
ACES,Volume_LAG,2,39,11814.1201171875,80.52445220947266,0.062374163886097934,108.07120797959502,0.47915188442803397
ACES,Volume_LAG,3,87,6519.66259765625,63.517822265625,0.04971636830317341,80.56853471067525,0.49229028156310495
ACES,Volume_LAG,4,2,11575.515625,95.95535278320312,0.1832116854606342,107.51928118097813,-0.0038937331375582932
ACES,Volume_LAG,5,84,4139.4560546875,50.75594711303711,0.06182025466303042,63.216595442203285,-0.03859297416161527
ACES,Close_LAG,1,91,63092.8828125,211.44052124023438,0.16729280661197968,251.14455232189476,-2.2795578899095483
ACES,Close_LAG,2,23,11561.2822265625,83.72616577148438,0.06381437711501421,107.20348874193665,0.49122098600884007
ACES,Close_LAG,3,13,5457.02197265625,59.83283615112305,0.046874733771698776,73.63979571789326,0.5740127297360221
ACES,Close_LAG,4,65,3984.12158203125,49.71489334106445,0.09456883865531522,61.27663498453513,0.6427490326506405
ACES,Close_LAG,5,91,3977.0908203125,49.51348876953125,0.062088042115517925,60.77844049080415,-0.003912782539910211
ACES,Open_High_LAG,1,77,73533.578125,233.62696838378906,0.1858944911922415,271.1341837158321,-2.8231024167106122
ACES,Open_High_LAG,2,29,10735.94140625,77.87394714355469,0.05993113913551142,102.99017098116542,0.5266573392529202
ACES,Open_High_LAG,3,55,5796.6748046875,59.525028228759766,0.0467075470437077,75.56630912613585,0.5473827885783492
ACES,Open_High_LAG,4,26,3846.693115234375,47.63109588623047,0.08799851575715942,60.2290709097995,0.6551192197295816
ACES,Open_High_LAG,5,48,3637.064453125,46.89291000366211,0.05826246994998097,58.01405251604395,0.08150775033174273
ACES,Open_Low_LAG,1,52,68820.125,223.12673950195312,0.1769796991661411,262.29492375693604,-2.5771012527930357
ACES,Open_Low_LAG,2,46,12800.5322265625,84.89891815185547,0.065765683805238,112.27063048092033,0.4350999290561657
ACES,Open_Low_LAG,3,89,5488.9580078125,57.76803207397461,0.04566506783705953,73.4376300511124,0.5705600356453678
ACES,Open_Low_LAG,4,47,3758.5693359375,47.53586959838867,0.08931758829034643,59.35535791357125,0.6626367537025173
ACES,Open_Low_LAG,5,4,3620.098388671875,48.612098693847656,0.0615171615292919,58.922069520472945,0.09150010582485936
ACES,Open_Volume_LAG,1,63,72638.453125,232.0637664794922,0.1846293251918092,269.482311249117,-2.7773045647563332
ACES,Open_Volume_LAG,2,31,12412.611328125,84.99004364013672,0.06529683536773236,111.09448761134666,0.4537590237680925
ACES,Open_Volume_LAG,3,20,5566.1513671875,59.292076110839844,0.04652959303296635,74.45769906416811,0.5689094586488731
ACES,Open_Volume_LAG,4,99,10658.779296875,82.2571792602539,0.15173608562595467,102.56447744868242,0.058312025412188294
ACES,Open_Volume_LAG,5,30,3950.733642578125,49.28559112548828,0.06131672037338558,60.61314116681286,0.0027779482946220287
ACES,High_Low_LAG,1,75,70563.4375,227.2265625,0.18047937512029544,265.59595094575803,-2.667655961428091
ACES,High_Low_LAG,2,37,12286.9462890625,84.56974029541016,0.06480376000047404,110.2288237900957,0.45837424075618594
ACES,High_Low_LAG,3,26,5337.048828125,57.088714599609375,0.045024307723039024,72.67004361650119,0.5832358478197986
ACES,High_Low_LAG,4,56,4241.78857421875,49.87090301513672,0.09204644377480604,62.68361095588535,0.6185171240969328
ACES,High_Low_LAG,5,87,3393.7294921875,45.05315017700195,0.05621666026219055,55.72423052056217,0.14183589521645165
ACES,High_Volume_LAG,1,61,65774.2890625,217.1976318359375,0.17209747665401512,256.4204351554234,-2.418031098088159
ACES,High_Volume_LAG,2,56,9878.96875,74.60974884033203,0.05732221542939359,98.62105677695003,0.5639829606477367
ACES,High_Volume_LAG,3,14,6055.66015625,62.04701232910156,0.048080757750265365,77.70535817068807,0.5303826232606568
ACES,High_Volume_LAG,4,2,12584.8984375,95.21333312988281,0.16949042385617738,112.1027122147193,-0.09137059491363607
ACES,High_Volume_LAG,5,11,4112.658203125,50.347896575927734,0.06292095716960469,61.86224542701171,-0.03825592347928331
ACES,Low_Volume_LAG,1,49,70113.65625,225.89120483398438,0.17931404571180212,264.7517505218466,-2.644855649837465
ACES,Low_Volume_LAG,2,48,11325.4521484375,77.95104217529297,0.06057202979873341,105.57624142585432,0.5001423383289774
ACES,Low_Volume_LAG,3,90,5278.53857421875,57.201988220214844,0.04526398891061592,72.42920089750878,0.5889615957743618
ACES,Low_Volume_LAG,4,23,10380.9462890625,84.35759735107422,0.16011858441182494,101.44471788000891,0.08477399955274453
ACES,Low_Volume_LAG,5,38,3973.65966796875,49.57648849487305,0.06047480577752191,61.934647461944564,0.003485837816635534
ACES,Open_High_Low_LAG,1,53,68037.5859375,221.1754150390625,0.17530337455747524,260.8075142495596,-2.5378896832907825
ACES,Open_High_Low_LAG,2,81,10625.6376953125,75.87374877929688,0.05912173561004439,101.67894106903017,0.5300274777990889
ACES,Open_High_Low_LAG,3,30,5457.083984375,57.491233825683594,0.04510499980514986,73.44230024397831,0.5742680969673324
ACES,Open_High_Low_LAG,4,99,3703.79541015625,46.70547103881836,0.08705911780988546,58.66754688256389,0.667060236246841
ACES,Open_High_Low_LAG,5,4,3234.21533203125,44.763790130615234,0.055066688765929794,56.018750825932734,0.18997268414540916
ACES,Open_High_Volume_LAG,1,57,65518.16015625,216.45103454589844,0.17144349112419754,255.92746960076272,-2.4058272208246803
ACES,Open_High_Volume_LAG,2,55,13247.349609375,79.5886459350586,0.0630668720052099,114.15972331622893,0.4152385044064655
ACES,Open_High_Volume_LAG,3,15,5964.19873046875,62.18941879272461,0.049143023350952886,76.667943039619,0.5337740246864642
ACES,Open_High_Volume_LAG,4,2,13369.626953125,96.05801391601562,0.16769160122950988,115.53795361659596,-0.15924067970427383
ACES,Open_High_Volume_LAG,5,27,3897.30712890625,49.03572463989258,0.06074212563072146,60.31574064547674,0.01662398501059459
ACES,High_Low_Volume_LAG,1,55,69384.8828125,224.30996704101562,0.17797241568181116,263.3673728318314,-2.606152582813404
ACES,High_Low_Volume_LAG,2,23,13257.3427734375,92.97573852539062,0.06908491753196679,115.03802362808011,0.4178678819128178
ACES,High_Low_Volume_LAG,3,90,4944.03955078125,55.73627471923828,0.04395208979819773,69.92641482114264,0.6139520892690861
ACES,High_Low_Volume_LAG,4,2,11693.8603515625,94.86909484863281,0.17488567779805445,108.05394364259928,-0.013666197830005484
ACES,High_Low_Volume_LAG,5,28,3741.235107421875,47.76611328125,0.05928809488489561,58.91262373097518,0.05540493441270588
ACES,OHLVC_LAG,1,62,70279.7265625,226.60935974121094,0.17995867549263259,265.0618661323731,-2.6529472938716885
ACES,OHLVC_LAG,2,79,11740.70703125,76.68236541748047,0.05986581343154002,107.56578569105672,0.48196390390693034
ACES,OHLVC_LAG,3,81,5001.30517578125,56.03068542480469,0.04388151142302095,70.52763606984932,0.6102710247397958
ACES,OHLVC_LAG,4,2,11816.1611328125,96.88661193847656,0.18888936074698073,108.63934487040557,-0.02518280990606221
ACES,OHLVC_LAG,5,42,3565.42626953125,47.92362976074219,0.06091899680648694,58.313266912836255,0.1041812004518583
ACES,OHLVC_LAG_MA,1,93,85253.2109375,256.6833190917969,0.2052925478171703,291.95797060728324,-3.436084410388167
ACES,OHLVC_LAG_MA,2,92,11430.603515625,81.00117492675781,0.06194370801711424,105.57136026722951,0.4944192106474928
ACES,OHLVC_LAG_MA,3,30,5604.22314453125,60.06722640991211,0.047255815129891215,74.6053071143708,0.562706468030754
ACES,OHLVC_LAG_MA,4,4,13946.705078125,97.30872344970703,0.16882496224432217,117.84658121494061,-0.20760732052993303
ACES,OHLVC_LAG_MA,5,17,3914.658935546875,49.007259368896484,0.06114870975820421,60.33027578871144,0.012137004818086812
ACES,OHLVC_LAG_EMA,1,100,76344.5234375,238.90985107421875,0.19026509922267365,276.2737062027002,-2.970433706799335
ACES,OHLVC_LAG_EMA,2,45,15449.037109375,94.94306945800781,0.0731974960748658,123.99840720353573,0.32044977900728494
ACES,OHLVC_LAG_EMA,3,29,5605.83154296875,60.41858673095703,0.047627658820263014,74.49433266007176,0.5619440382124838
ACES,OHLVC_LAG_EMA,4,4,15963.5263671875,101.14470672607422,0.17076872276144922,125.94215274115099,-0.3835353349624084
ACES,OHLVC_LAG_EMA,5,17,3813.236083984375,48.2752571105957,0.05994711732032045,59.53331499977546,0.037514915993499855
ACES,OHLVC_LAG_RSI,1,79,85938.421875,258.0769958496094,0.206478958861691,293.1205308777821,-3.4696651976362687
ACES,OHLVC_LAG_RSI,2,71,15361.037109375,95.2761001586914,0.07321271162943588,123.72063306629387,0.324702864133892
ACES,OHLVC_LAG_RSI,3,88,5420.74658203125,58.923095703125,0.04614390729617524,73.34169977217219,0.5779939089264255
ACES,OHLVC_LAG_RSI,4,4,12817.291015625,99.6228256225586,0.19930576241416115,113.12560316308173,-0.1132551620456923
ACES,OHLVC_LAG_RSI,5,17,4862.19677734375,55.54423141479492,0.0683676617078411,67.96309409580961,-0.2233459276674855
ACES,OHLVC_LAG_MACD,1,77,86919.5078125,259.96759033203125,0.20808013178729864,294.789047467163,-3.5207205299584348
ACES,OHLVC_LAG_MACD,2,48,36568.24609375,165.65159606933594,0.11663007866387738,191.04173815151034,-0.5974538009037975
ACES,OHLVC_LAG_MACD,3,34,5580.7568359375,58.94416427612305,0.04625788126452828,74.34487022553606,0.5646480662570657
ACES,OHLVC_LAG_MACD,4,4,13219.0693359375,100.55670928955078,0.20171304352252736,114.77015455336492,-0.14716038408014664
ACES,OHLVC_LAG_MACD,5,50,3750.132568359375,48.070281982421875,0.060552490445330516,59.20166386760588,0.05432337625466155
ACES,OHLVC_LAG_MA_EMA,1,74,84291.9375,254.89407348632812,0.2037836451550192,290.2905175621967,-3.382238631258129
ACES,OHLVC_LAG_MA_EMA,2,92,11161.7451171875,78.65460205078125,0.06058137494109,104.23326548542921,0.5062957640284602
ACES,OHLVC_LAG_MA_EMA,3,52,5717.74169921875,59.654144287109375,0.04684230911959444,75.06733166236766,0.5533996219396893
ACES,OHLVC_LAG_MA_EMA,4,4,12735.84765625,95.91533660888672,0.17143295735615272,112.67822521621592,-0.10471787390191337
ACES,OHLVC_LAG_MA_EMA,5,42,3808.48388671875,47.80849075317383,0.05932638127995766,59.43238441386089,0.03821798122323683
ACES,OHLVC_LAG_MA_RSI,1,93,83461.0,254.31100463867188,0.20345613388782066,288.86230486547777,-3.340299942756661
ACES,OHLVC_LAG_MA_RSI,2,76,14266.4423828125,91.40275573730469,0.0702867019454778,119.2257218432933,0.37280348457347956
ACES,OHLVC_LAG_MA_RSI,3,100,5976.1826171875,60.57496643066406,0.047429487989317475,76.84205860683409,0.533457397538633
ACES,OHLVC_LAG_MA_RSI,4,81,11915.2119140625,93.12373352050781,0.18070835925169132,108.59040006028945,-0.05156918355117191
ACES,OHLVC_LAG_MA_RSI,5,81,3392.7958984375,45.377418518066406,0.056449704988478795,56.21340778614831,0.14289743433997873
ACES,OHLVC_LAG_MA_MACD,1,100,84053.1328125,254.71240234375,0.20367638507854513,289.88531135972477,-3.3711476788126054
ACES,OHLVC_LAG_MA_MACD,2,76,13092.716796875,85.92196655273438,0.06624671866064415,113.54050546687954,0.4222459530461972
ACES,OHLVC_LAG_MA_MACD,3,72,5942.60595703125,60.54130935668945,0.04756043312374191,76.65579074852356,0.5363238248168061
ACES,OHLVC_LAG_MA_MACD,4,4,17301.875,104.03060150146484,0.17326650884094644,131.27842567477617,-0.5071984160778696
ACES,OHLVC_LAG_MA_MACD,5,15,3870.915771484375,48.68068313598633,0.0607382506125882,59.92754474991482,0.02286195225607808
ACES,OHLVC_LAG_EMA_RSI,1,91,85163.484375,256.6311340332031,0.2052657285872084,291.7995896361397,-3.430275916031251
ACES,OHLVC_LAG_EMA_RSI,2,61,11612.857421875,81.55245971679688,0.06269723346200544,106.46068841364014,0.4866263956583822
ACES,OHLVC_LAG_EMA_RSI,3,28,5457.4609375,58.52281951904297,0.04620125068802961,73.42516325789205,0.5735556128668012
ACES,OHLVC_LAG_EMA_RSI,4,84,9951.6123046875,75.20065307617188,0.12717303944534875,98.89398170564769,0.11841890027248446
ACES,OHLVC_LAG_EMA_RSI,5,10,3619.441650390625,46.968971252441406,0.0583824179363033,57.99149516170599,0.08640924730127691
ACES,OHLVC_LAG_EMA_MACD,1,79,84153.6484375,254.69158935546875,0.20362766638600407,290.0623211594045,-3.3772061093405252
ACES,OHLVC_LAG_EMA_MACD,2,66,12780.4189453125,85.4591293334961,0.06591993547246137,111.92868457455525,0.43539790873646333
ACES,OHLVC_LAG_EMA_MACD,3,21,5911.919921875,60.50498580932617,0.047315043447642924,76.54274488152329,0.5395063618017416
ACES,OHLVC_LAG_EMA_MACD,4,97,9249.921875,80.28892517089844,0.15846775744182445,95.71757291259051,0.18396696210423347
ACES,OHLVC_LAG_EMA_MACD,5,18,3813.843017578125,48.29283142089844,0.06033122151561204,59.31551849811248,0.03641190284323241
ACES,OHLVC_LAG_RSI_MACD,1,86,84996.796875,256.2926330566406,0.20497236910533473,291.5035075614462,-3.419272334101574
ACES,OHLVC_LAG_RSI_MACD,2,67,12012.306640625,86.48321533203125,0.06546386209901588,109.32335330074851,0.4716241206149776
ACES,OHLVC_LAG_RSI_MACD,3,29,5657.38671875,59.63496398925781,0.047028251133972444,74.71162789904001,0.5578906069125428
ACES,OHLVC_LAG_RSI_MACD,4,48,14857.091796875,98.02194213867188,0.17468051142510602,121.62418567325511,-0.305890919879165
ACES,OHLVC_LAG_RSI_MACD,5,12,3478.337890625,46.37041091918945,0.058148217420702794,56.731853881293226,0.12147588272534221
ACES,OHLVC_LAG_MA_EMA_RSI,1,86,84494.65625,255.35580444335938,0.2041889637057387,290.64812792306134,-3.3946498747194638
ACES,OHLVC_LAG_MA_EMA_RSI,2,82,14399.0224609375,90.76839447021484,0.0695806596715641,119.72798350046324,0.3667292264210385
ACES,OHLVC_LAG_MA_EMA_RSI,3,25,5653.1220703125,59.70310974121094,0.04701380552859085,74.56761760355252,0.5580222960451245
ACES,OHLVC_LAG_MA_EMA_RSI,4,4,14923.30078125,99.16295623779297,0.1699381021267261,121.72592624066998,-0.28903540538575867
ACES,OHLVC_LAG_MA_EMA_RSI,5,14,3444.555419921875,45.823341369628906,0.056867740969168135,56.557081507805066,0.13030845979842656
ACES,OHLVC_LAG_MA_RSI_MACD,1,91,84911.4921875,256.0668029785156,0.20477457962748222,291.36384853107876,-3.4162416393254804
ACES,OHLVC_LAG_MA_RSI_MACD,2,42,13492.728515625,93.39373016357422,0.06980602458771096,115.88935709843872,0.4066343344318847
ACES,OHLVC_LAG_MA_RSI_MACD,3,39,5685.8505859375,59.68556213378906,0.04712559686263163,74.73783225951144,0.5551915803540124
ACES,OHLVC_LAG_MA_RSI_MACD,4,24,15483.234375,106.60919189453125,0.2056124250413295,124.2956843176877,-0.357341553529496
ACES,OHLVC_LAG_MA_RSI_MACD,5,29,3508.0625,46.539913177490234,0.05843207625091204,56.7238752847381,0.11285559049233732
ACES,OHLVC_LAG_EMA_RSI_MACD,1,73,85463.21875,257.3194580078125,0.20586943133789432,292.3160133837937,-3.4466716460358438
ACES,OHLVC_LAG_EMA_RSI_MACD,2,50,12989.970703125,88.20321655273438,0.06718946019990768,113.32245082828648,0.4273867847520821
ACES,OHLVC_LAG_EMA_RSI_MACD,3,51,6178.712890625,62.681541442871094,0.049386369535469536,78.21361594387866,0.517447268403985
ACES,OHLVC_LAG_EMA_RSI_MACD,4,20,10867.232421875,86.35535430908203,0.170994347844359,104.08556751359528,0.046267453341790145
ACES,OHLVC_LAG_EMA_RSI_MACD,5,24,3201.735595703125,44.21505355834961,0.055317856498120356,54.18388935135835,0.1902457753752191
ACES,OHLVC_LAG_MA_EMA_RSI_MACD,1,74,87215.9375,260.5456848144531,0.20857277335667887,295.29430628435523,-3.5368466602768764
ACES,OHLVC_LAG_MA_EMA_RSI_MACD,2,47,14624.140625,91.65260314941406,0.07075973620551497,120.62997818210846,0.3567254205848264
ACES,OHLVC_LAG_MA_EMA_RSI_MACD,3,93,5731.07861328125,59.0697021484375,0.04643109046124296,75.00575284199653,0.5519427033366107
ACES,OHLVC_LAG_MA_EMA_RSI_MACD,4,72,9084.703125,80.05863189697266,0.15415154601885625,94.19503187998006,0.19306167577875322
ACES,OHLVC_LAG_MA_EMA_RSI_MACD,5,63,3719.218994140625,48.15834426879883,0.05927668820457255,59.47626702621249,0.06418819809911767
